date,flo_out
01/01/2001,5.65
02/01/2001,3.95
03/01/2001,6.48
04/01/2001,3.9
05/01/2001,3.38
06/01/2001,3.17
07/01/2001,3.17
08/01/2001,2.84
09/01/2001,2.58
10/01/2001,2.36
11/01/2001,2.17
12/01/2001,1.99
13/01/2001,1.83
14/01/2001,1.69
15/01/2001,1.56
16/01/2001,1.43
17/01/2001,1.33
18/01/2001,1.23
19/01/2001,1.15
20/01/2001,1.13
21/01/2001,1.06
22/01/2001,1.64
23/01/2001,3.57
24/01/2001,2.72
25/01/2001,3.02
26/01/2001,2.27
27/01/2001,2.03
28/01/2001,1.86
29/01/2001,2.4
30/01/2001,2.38
31/01/2001,1.95
01/02/2001,3.02
02/02/2001,4.55
03/02/2001,3.62
04/02/2001,3.68
05/02/2001,4.51
06/02/2001,3.49
07/02/2001,5.08
08/02/2001,3.36
09/02/2001,2.97
10/02/2001,5.67
11/02/2001,8.02
12/02/2001,4.23
13/02/2001,3.56
14/02/2001,3.21
15/02/2001,2.94
16/02/2001,2.68
17/02/2001,2.45
18/02/2001,2.24
19/02/2001,2.12
20/02/2001,1.98
21/02/2001,1.96
22/02/2001,1.88
23/02/2001,1.74
24/02/2001,1.64
25/02/2001,2.23
26/02/2001,2.04
27/02/2001,2.24
28/02/2001,1.83
01/03/2001,1.66
02/03/2001,1.54
03/03/2001,1.44
04/03/2001,1.34
05/03/2001,1.24
06/03/2001,1.84
07/03/2001,1.65
08/03/2001,1.86
09/03/2001,2.81
10/03/2001,1.98
11/03/2001,1.96
12/03/2001,2.26
13/03/2001,1.84
14/03/2001,1.67
15/03/2001,1.59
16/03/2001,1.54
17/03/2001,1.55
18/03/2001,1.42
19/03/2001,1.32
20/03/2001,1.29
21/03/2001,2.92
22/03/2001,1.87
23/03/2001,1.68
24/03/2001,1.53
25/03/2001,1.4
26/03/2001,1.7
27/03/2001,2.16
28/03/2001,1.68
29/03/2001,1.51
30/03/2001,2.37
31/03/2001,2.02
01/04/2001,1.73
02/04/2001,1.61
03/04/2001,3.29
04/04/2001,2.13
05/04/2001,5.71
06/04/2001,5.94
07/04/2001,3.71
08/04/2001,4.19
09/04/2001,3.61
10/04/2001,3.16
11/04/2001,2.86
12/04/2001,2.61
13/04/2001,2.42
14/04/2001,3.67
15/04/2001,2.64
16/04/2001,2.33
17/04/2001,2.3
18/04/2001,2.08
19/04/2001,1.91
20/04/2001,1.76
21/04/2001,2.24
22/04/2001,3.34
23/04/2001,2.22
24/04/2001,2.7
25/04/2001,2.19
26/04/2001,1.97
27/04/2001,2.62
28/04/2001,3.07
29/04/2001,2.51
30/04/2001,2.14
01/05/2001,1.94
02/05/2001,1.78
03/05/2001,1.64
04/05/2001,1.52
05/05/2001,1.39
06/05/2001,1.29
07/05/2001,1.2
08/05/2001,1.12
09/05/2001,1.39
10/05/2001,1.14
11/05/2001,1.02
12/05/2001,0.948
13/05/2001,0.925
14/05/2001,0.877
15/05/2001,0.822
16/05/2001,0.959
17/05/2001,0.867
18/05/2001,0.796
19/05/2001,0.742
20/05/2001,0.695
21/05/2001,0.652
22/05/2001,0.607
23/05/2001,0.57
24/05/2001,0.536
25/05/2001,0.498
26/05/2001,0.789
27/05/2001,1.35
28/05/2001,1.05
29/05/2001,0.905
30/05/2001,0.849
31/05/2001,0.785
01/06/2001,0.748
02/06/2001,0.675
03/06/2001,0.622
04/06/2001,0.575
05/06/2001,0.534
06/06/2001,0.529
07/06/2001,0.473
08/06/2001,0.431
09/06/2001,0.398
10/06/2001,0.372
11/06/2001,0.345
12/06/2001,0.324
13/06/2001,0.306
14/06/2001,0.63
15/06/2001,0.419
16/06/2001,0.353
17/06/2001,0.322
18/06/2001,0.396
19/06/2001,0.69
20/06/2001,0.547
21/06/2001,0.481
22/06/2001,0.438
23/06/2001,0.402
24/06/2001,0.36
25/06/2001,0.33
26/06/2001,0.305
27/06/2001,0.278
28/06/2001,0.267
29/06/2001,0.245
30/06/2001,0.227
01/07/2001,0.205
02/07/2001,0.183
03/07/2001,0.474
04/07/2001,0.31
05/07/2001,0.252
06/07/2001,0.24
07/07/2001,0.322
08/07/2001,0.231
09/07/2001,0.278
10/07/2001,0.363
11/07/2001,0.329
12/07/2001,0.328
13/07/2001,0.296
14/07/2001,0.278
15/07/2001,0.247
16/07/2001,0.225
17/07/2001,0.259
18/07/2001,0.199
19/07/2001,0.173
20/07/2001,0.212
21/07/2001,0.167
22/07/2001,0.15
23/07/2001,0.139
24/07/2001,0.141
25/07/2001,0.123
26/07/2001,0.113
27/07/2001,0.104
28/07/2001,9.33E-02
29/07/2001,8.59E-02
30/07/2001,0.119
31/07/2001,8.22E-02
01/08/2001,7.14E-02
02/08/2001,7.50E-02
03/08/2001,6.28E-02
04/08/2001,7.91E-02
05/08/2001,0.167
06/08/2001,0.333
07/08/2001,0.421
08/08/2001,0.415
09/08/2001,0.331
10/08/2001,0.691
11/08/2001,0.709
12/08/2001,0.803
13/08/2001,0.742
14/08/2001,0.653
15/08/2001,1.02
16/08/2001,1.01
17/08/2001,0.895
18/08/2001,1.33
19/08/2001,1.12
20/08/2001,0.97
21/08/2001,0.917
22/08/2001,0.805
23/08/2001,0.721
24/08/2001,0.755
25/08/2001,0.722
26/08/2001,0.636
27/08/2001,0.574
28/08/2001,0.522
29/08/2001,0.483
30/08/2001,0.636
31/08/2001,0.504
01/09/2001,0.512
02/09/2001,0.519
03/09/2001,0.473
04/09/2001,0.702
05/09/2001,1.37
06/09/2001,1.05
07/09/2001,1.12
08/09/2001,0.989
09/09/2001,0.885
10/09/2001,0.799
11/09/2001,0.723
12/09/2001,1.91
13/09/2001,1.59
14/09/2001,1.34
15/09/2001,1.2
16/09/2001,1.08
17/09/2001,0.982
18/09/2001,0.892
19/09/2001,0.813
20/09/2001,0.743
21/09/2001,0.681
22/09/2001,0.625
23/09/2001,0.574
24/09/2001,0.533
25/09/2001,0.491
26/09/2001,0.71
27/09/2001,0.944
28/09/2001,1.62
29/09/2001,1.39
30/09/2001,3.54
01/10/2001,2.51
02/10/2001,2.08
03/10/2001,1.85
04/10/2001,4.03
05/10/2001,3.7
06/10/2001,3.48
07/10/2001,4.34
08/10/2001,4.18
09/10/2001,3.43
10/10/2001,3.72
11/10/2001,4.33
12/10/2001,3.35
13/10/2001,3.02
14/10/2001,2.92
15/10/2001,2.87
16/10/2001,2.54
17/10/2001,2.57
18/10/2001,2.26
19/10/2001,3.59
20/10/2001,2.52
21/10/2001,2.2
22/10/2001,2.12
23/10/2001,2.59
24/10/2001,2.15
25/10/2001,2.93
26/10/2001,2.41
27/10/2001,2.13
28/10/2001,1.94
29/10/2001,1.79
30/10/2001,2.14
31/10/2001,1.83
01/11/2001,1.65
02/11/2001,1.52
03/11/2001,1.52
04/11/2001,1.39
05/11/2001,1.33
06/11/2001,2.47
07/11/2001,2.88
08/11/2001,2.27
09/11/2001,2
10/11/2001,1.93
11/11/2001,2.96
12/11/2001,2.3
13/11/2001,2.14
14/11/2001,1.95
15/11/2001,1.79
16/11/2001,1.65
17/11/2001,1.52
18/11/2001,1.49
19/11/2001,1.4
20/11/2001,1.35
21/11/2001,1.54
22/11/2001,1.38
23/11/2001,1.34
24/11/2001,2.67
25/11/2001,2.02
26/11/2001,1.88
27/11/2001,1.89
28/11/2001,6.71
29/11/2001,5.27
30/11/2001,3.72
01/12/2001,3.21
02/12/2001,2.9
03/12/2001,5.68
04/12/2001,5.01
05/12/2001,3.56
06/12/2001,4.19
07/12/2001,3.51
08/12/2001,3.08
09/12/2001,2.8
10/12/2001,2.56
11/12/2001,2.34
12/12/2001,2.14
13/12/2001,1.96
14/12/2001,1.81
15/12/2001,1.67
16/12/2001,1.54
17/12/2001,1.43
18/12/2001,1.34
19/12/2001,1.29
20/12/2001,1.21
21/12/2001,1.21
22/12/2001,1.14
23/12/2001,1.55
24/12/2001,2.34
25/12/2001,1.98
26/12/2001,2.38
27/12/2001,2.62
28/12/2001,2.23
29/12/2001,2.1
30/12/2001,1.94
31/12/2001,1.79
01/01/2002,1.65
02/01/2002,1.54
03/01/2002,1.44
04/01/2002,1.45
05/01/2002,1.41
06/01/2002,1.3
07/01/2002,1.22
08/01/2002,1.14
09/01/2002,1.07
10/01/2002,1
11/01/2002,0.938
12/01/2002,0.891
13/01/2002,1.08
14/01/2002,2.18
15/01/2002,1.45
16/01/2002,3.84
17/01/2002,2.18
18/01/2002,2.83
19/01/2002,2.47
20/01/2002,2.26
21/01/2002,3.22
22/01/2002,4.62
23/01/2002,4.79
24/01/2002,3.48
25/01/2002,8.04
26/01/2002,4.19
27/01/2002,4.19
28/01/2002,3.51
29/01/2002,4.68
30/01/2002,3.48
31/01/2002,9.65
01/02/2002,8.2
02/02/2002,8.54
03/02/2002,5.49
04/02/2002,8.2
05/02/2002,6.34
06/02/2002,5.8
07/02/2002,5.65
08/02/2002,6.83
09/02/2002,4.81
10/02/2002,9.06
11/02/2002,5.22
12/02/2002,4.47
13/02/2002,3.99
14/02/2002,3.6
15/02/2002,3.25
16/02/2002,2.95
17/02/2002,2.86
18/02/2002,2.64
19/02/2002,3.76
20/02/2002,2.82
21/02/2002,4.31
22/02/2002,3.07
23/02/2002,2.74
24/02/2002,7.13
25/02/2002,9.99
26/02/2002,4.85
27/02/2002,4.01
28/02/2002,3.59
01/03/2002,3.25
02/03/2002,2.97
03/03/2002,2.71
04/03/2002,2.48
05/03/2002,2.49
06/03/2002,2.23
07/03/2002,2.04
08/03/2002,2.61
09/03/2002,2.53
10/03/2002,2.33
11/03/2002,2.07
12/03/2002,1.89
13/03/2002,1.71
14/03/2002,1.58
15/03/2002,1.6
16/03/2002,1.47
17/03/2002,1.6
18/03/2002,1.53
19/03/2002,1.42
20/03/2002,1.42
21/03/2002,1.32
22/03/2002,1.23
23/03/2002,1.15
24/03/2002,1.08
25/03/2002,1.04
26/03/2002,0.979
27/03/2002,0.917
28/03/2002,0.863
29/03/2002,0.813
30/03/2002,1.37
31/03/2002,1.7
01/04/2002,1.83
02/04/2002,1.53
03/04/2002,1.41
04/04/2002,1.3
05/04/2002,1.2
06/04/2002,1.11
07/04/2002,1.03
08/04/2002,0.963
09/04/2002,0.899
10/04/2002,0.841
11/04/2002,0.762
12/04/2002,0.711
13/04/2002,0.663
14/04/2002,0.615
15/04/2002,0.569
16/04/2002,0.536
17/04/2002,2.24
18/04/2002,2.65
19/04/2002,1.86
20/04/2002,1.8
21/04/2002,2.38
22/04/2002,1.84
23/04/2002,1.64
24/04/2002,1.5
25/04/2002,3.64
26/04/2002,2.3
27/04/2002,4.88
28/04/2002,3.14
29/04/2002,4.61
30/04/2002,3.27
01/05/2002,2.96
02/05/2002,2.67
03/05/2002,2.42
04/05/2002,2.2
05/05/2002,2.01
06/05/2002,1.84
07/05/2002,1.69
08/05/2002,1.55
09/05/2002,1.43
10/05/2002,1.32
11/05/2002,1.23
12/05/2002,1.31
13/05/2002,1.66
14/05/2002,1.48
15/05/2002,1.34
16/05/2002,1.24
17/05/2002,2.44
18/05/2002,1.74
19/05/2002,5.08
20/05/2002,2.89
21/05/2002,4.04
22/05/2002,3.09
23/05/2002,3.81
24/05/2002,2.94
25/05/2002,4.29
26/05/2002,3.08
27/05/2002,2.79
28/05/2002,3.31
29/05/2002,4.25
30/05/2002,2.96
31/05/2002,2.61
01/06/2002,2.37
02/06/2002,3.16
03/06/2002,2.39
04/06/2002,2.12
05/06/2002,2.09
06/06/2002,1.87
07/06/2002,1.75
08/06/2002,1.96
09/06/2002,2.63
10/06/2002,2.07
11/06/2002,1.85
12/06/2002,1.66
13/06/2002,1.86
14/06/2002,2.72
15/06/2002,2.2
16/06/2002,2.75
17/06/2002,2.12
18/06/2002,1.9
19/06/2002,1.73
20/06/2002,1.63
21/06/2002,2.06
22/06/2002,1.65
23/06/2002,1.48
24/06/2002,1.36
25/06/2002,1.26
26/06/2002,1.16
27/06/2002,1.05
28/06/2002,0.98
29/06/2002,0.983
30/06/2002,1.78
01/07/2002,2.63
02/07/2002,1.87
03/07/2002,1.62
04/07/2002,3.4
05/07/2002,2.08
06/07/2002,1.79
07/07/2002,2.37
08/07/2002,1.83
09/07/2002,1.65
10/07/2002,1.52
11/07/2002,1.41
12/07/2002,1.33
13/07/2002,1.22
14/07/2002,1.12
15/07/2002,1.04
16/07/2002,0.967
17/07/2002,0.9
18/07/2002,0.839
19/07/2002,0.861
20/07/2002,0.79
21/07/2002,0.717
22/07/2002,0.753
23/07/2002,0.695
24/07/2002,0.65
25/07/2002,0.61
26/07/2002,0.572
27/07/2002,0.54
28/07/2002,0.487
29/07/2002,0.488
30/07/2002,0.873
31/07/2002,0.676
01/08/2002,1.87
02/08/2002,1.3
03/08/2002,1.1
04/08/2002,0.986
05/08/2002,0.901
06/08/2002,0.825
07/08/2002,0.783
08/08/2002,1
09/08/2002,1
10/08/2002,0.921
11/08/2002,1.08
12/08/2002,0.989
13/08/2002,1.15
14/08/2002,1.13
15/08/2002,1.02
16/08/2002,0.935
17/08/2002,3.3
18/08/2002,2.11
19/08/2002,1.7
20/08/2002,1.5
21/08/2002,1.37
22/08/2002,1.25
23/08/2002,1.17
24/08/2002,1.07
25/08/2002,0.978
26/08/2002,0.903
27/08/2002,0.834
28/08/2002,0.787
29/08/2002,0.834
30/08/2002,1.1
31/08/2002,0.956
01/09/2002,0.864
02/09/2002,0.793
03/09/2002,0.733
04/09/2002,0.68
05/09/2002,0.638
06/09/2002,0.672
07/09/2002,1.13
08/09/2002,0.916
09/09/2002,1.37
10/09/2002,1.11
11/09/2002,0.986
12/09/2002,0.901
13/09/2002,0.83
14/09/2002,0.766
15/09/2002,0.707
16/09/2002,0.655
17/09/2002,0.609
18/09/2002,0.563
19/09/2002,0.526
20/09/2002,0.491
21/09/2002,0.432
22/09/2002,0.399
23/09/2002,0.365
24/09/2002,0.343
25/09/2002,0.311
26/09/2002,0.293
27/09/2002,0.277
28/09/2002,0.263
29/09/2002,0.251
30/09/2002,0.238
01/10/2002,0.225
02/10/2002,0.486
03/10/2002,0.328
04/10/2002,0.281
05/10/2002,0.266
06/10/2002,0.251
07/10/2002,0.237
08/10/2002,0.222
09/10/2002,0.21
10/10/2002,0.2
11/10/2002,1.13
12/10/2002,0.777
13/10/2002,0.867
14/10/2002,0.839
15/10/2002,0.755
16/10/2002,0.726
17/10/2002,1.05
18/10/2002,0.946
19/10/2002,0.871
20/10/2002,1.83
21/10/2002,2.37
22/10/2002,2.13
23/10/2002,1.84
24/10/2002,4.12
25/10/2002,3.02
26/10/2002,5.07
27/10/2002,3.38
28/10/2002,3.36
29/10/2002,3.37
30/10/2002,2.91
31/10/2002,2.73
01/11/2002,3.9
02/11/2002,5.58
03/11/2002,3.66
04/11/2002,3.85
05/11/2002,8.92
06/11/2002,4.45
07/11/2002,6.43
08/11/2002,9.96
09/11/2002,7.38
10/11/2002,5.05
11/11/2002,7.77
12/11/2002,7.2
13/11/2002,7.43
14/11/2002,5.75
15/11/2002,4.64
16/11/2002,4.15
17/11/2002,3.74
18/11/2002,3.38
19/11/2002,4.48
20/11/2002,3.35
21/11/2002,3.11
22/11/2002,3.38
23/11/2002,3.6
24/11/2002,2.89
25/11/2002,3.26
26/11/2002,3.08
27/11/2002,5.32
28/11/2002,5.73
29/11/2002,3.56
30/11/2002,5.88
01/12/2002,3.85
02/12/2002,3.71
03/12/2002,5.91
04/12/2002,3.72
05/12/2002,3.28
06/12/2002,2.98
07/12/2002,2.72
08/12/2002,2.49
09/12/2002,2.28
10/12/2002,2.1
11/12/2002,1.97
12/12/2002,1.83
13/12/2002,1.72
14/12/2002,1.61
15/12/2002,1.52
16/12/2002,1.43
17/12/2002,1.34
18/12/2002,1.25
19/12/2002,1.18
20/12/2002,1.1
21/12/2002,4.03
22/12/2002,2.77
23/12/2002,3.96
24/12/2002,3.91
25/12/2002,4.07
26/12/2002,3.78
27/12/2002,3.36
28/12/2002,4.29
29/12/2002,7.64
30/12/2002,4.28
31/12/2002,5.15
01/01/2003,3.78
02/01/2003,3.68
03/01/2003,3.26
04/01/2003,2.97
05/01/2003,2.71
06/01/2003,2.48
07/01/2003,2.27
08/01/2003,2.09
09/01/2003,1.93
10/01/2003,1.78
11/01/2003,1.65
12/01/2003,1.58
13/01/2003,1.53
14/01/2003,3.27
15/01/2003,2.02
16/01/2003,3.07
17/01/2003,2.29
18/01/2003,2.87
19/01/2003,4.28
20/01/2003,4.5
21/01/2003,3.48
22/01/2003,3.25
23/01/2003,3.74
24/01/2003,5.35
25/01/2003,3.88
26/01/2003,3.2
27/01/2003,3.21
28/01/2003,2.91
29/01/2003,2.87
30/01/2003,2.59
31/01/2003,2.76
01/02/2003,3
02/02/2003,2.58
03/02/2003,2.35
04/02/2003,2.34
05/02/2003,2.19
06/02/2003,2.13
07/02/2003,2
08/02/2003,7.66
09/02/2003,3.36
10/02/2003,4.82
11/02/2003,3.14
12/02/2003,2.77
13/02/2003,2.52
14/02/2003,2.31
15/02/2003,2.13
16/02/2003,1.92
17/02/2003,1.77
18/02/2003,1.63
19/02/2003,1.51
20/02/2003,1.39
21/02/2003,1.29
22/02/2003,1.34
23/02/2003,1.21
24/02/2003,1.12
25/02/2003,1.07
26/02/2003,1.04
27/02/2003,1.09
28/02/2003,2.76
01/03/2003,2.57
02/03/2003,1.89
03/03/2003,2.54
04/03/2003,2.23
05/03/2003,1.87
06/03/2003,1.71
07/03/2003,4.96
08/03/2003,5.61
09/03/2003,4
10/03/2003,3.08
11/03/2003,2.82
12/03/2003,2.57
13/03/2003,2.34
14/03/2003,2.14
15/03/2003,1.96
16/03/2003,1.8
17/03/2003,1.66
18/03/2003,1.53
19/03/2003,1.41
20/03/2003,1.31
21/03/2003,1.22
22/03/2003,1.13
23/03/2003,1.05
24/03/2003,0.981
25/03/2003,0.92
26/03/2003,0.865
27/03/2003,0.814
28/03/2003,0.768
29/03/2003,0.717
30/03/2003,0.677
31/03/2003,1.11
01/04/2003,0.895
02/04/2003,0.808
03/04/2003,0.75
04/04/2003,0.701
05/04/2003,0.659
06/04/2003,0.62
07/04/2003,0.585
08/04/2003,0.552
09/04/2003,0.522
10/04/2003,0.495
11/04/2003,0.469
12/04/2003,0.446
13/04/2003,0.456
14/04/2003,0.418
15/04/2003,0.393
16/04/2003,0.371
17/04/2003,0.352
18/04/2003,0.329
19/04/2003,0.309
20/04/2003,0.281
21/04/2003,0.288
22/04/2003,0.26
23/04/2003,0.247
24/04/2003,0.398
25/04/2003,0.463
26/04/2003,0.775
27/04/2003,2.79
28/04/2003,1.89
29/04/2003,2.38
30/04/2003,1.88
01/05/2003,1.85
02/05/2003,2.3
03/05/2003,6.29
04/05/2003,4.26
05/05/2003,3.16
06/05/2003,2.79
07/05/2003,2.64
08/05/2003,2.39
09/05/2003,2.17
10/05/2003,1.98
11/05/2003,1.9
12/05/2003,1.77
13/05/2003,1.62
14/05/2003,1.49
15/05/2003,3.46
16/05/2003,2.35
17/05/2003,3.18
18/05/2003,2.39
19/05/2003,4.17
20/05/2003,3.08
21/05/2003,6.86
22/05/2003,4.26
23/05/2003,3.56
24/05/2003,3.26
25/05/2003,2.95
26/05/2003,2.84
27/05/2003,2.54
28/05/2003,2.3
29/05/2003,2.1
30/05/2003,1.9
31/05/2003,1.74
01/06/2003,1.97
02/06/2003,1.62
03/06/2003,1.46
04/06/2003,1.71
05/06/2003,2.48
06/06/2003,1.78
07/06/2003,1.82
08/06/2003,1.61
09/06/2003,1.72
10/06/2003,1.5
11/06/2003,1.36
12/06/2003,1.26
13/06/2003,1.16
14/06/2003,1.05
15/06/2003,0.963
16/06/2003,0.891
17/06/2003,0.909
18/06/2003,0.887
19/06/2003,0.788
20/06/2003,0.714
21/06/2003,0.657
22/06/2003,0.596
23/06/2003,0.545
24/06/2003,0.51
25/06/2003,0.478
26/06/2003,0.547
27/06/2003,0.511
28/06/2003,0.454
29/06/2003,1.36
30/06/2003,0.885
01/07/2003,0.721
02/07/2003,0.642
03/07/2003,0.587
04/07/2003,0.54
05/07/2003,0.501
06/07/2003,0.465
07/07/2003,0.434
08/07/2003,0.404
09/07/2003,0.378
10/07/2003,0.35
11/07/2003,0.317
12/07/2003,0.299
13/07/2003,0.281
14/07/2003,0.259
15/07/2003,0.232
16/07/2003,0.215
17/07/2003,1.07
18/07/2003,0.585
19/07/2003,0.664
20/07/2003,0.959
21/07/2003,0.707
22/07/2003,0.601
23/07/2003,0.931
24/07/2003,2.48
25/07/2003,1.67
26/07/2003,1.39
27/07/2003,1.23
28/07/2003,1.62
29/07/2003,2.49
30/07/2003,1.92
31/07/2003,2.49
01/08/2003,1.91
02/08/2003,1.7
03/08/2003,1.54
04/08/2003,1.4
05/08/2003,1.28
06/08/2003,1.17
07/08/2003,1.07
08/08/2003,0.981
09/08/2003,0.902
10/08/2003,0.834
11/08/2003,0.766
12/08/2003,0.703
13/08/2003,0.625
14/08/2003,0.569
15/08/2003,0.522
16/08/2003,0.475
17/08/2003,0.438
18/08/2003,0.401
19/08/2003,0.371
20/08/2003,0.343
21/08/2003,0.306
22/08/2003,0.279
23/08/2003,0.261
24/08/2003,0.243
25/08/2003,0.23
26/08/2003,0.217
27/08/2003,0.205
28/08/2003,0.184
29/08/2003,0.182
30/08/2003,0.167
31/08/2003,0.156
01/09/2003,0.148
02/09/2003,0.142
03/09/2003,0.128
04/09/2003,0.122
05/09/2003,0.185
06/09/2003,0.126
07/09/2003,1.47
08/09/2003,0.781
09/09/2003,1.08
10/09/2003,1.05
11/09/2003,0.959
12/09/2003,0.847
13/09/2003,0.753
14/09/2003,0.674
15/09/2003,0.607
16/09/2003,0.549
17/09/2003,0.499
18/09/2003,0.98
19/09/2003,2.29
20/09/2003,1.65
21/09/2003,2.21
22/09/2003,1.99
23/09/2003,1.7
24/09/2003,1.52
25/09/2003,1.42
26/09/2003,1.29
27/09/2003,1.18
28/09/2003,1.25
29/09/2003,4.73
30/09/2003,2.64
01/10/2003,2.15
02/10/2003,1.91
03/10/2003,1.73
04/10/2003,1.78
05/10/2003,2.21
06/10/2003,2.11
07/10/2003,2.12
08/10/2003,1.88
09/10/2003,1.8
10/10/2003,1.65
11/10/2003,1.51
12/10/2003,1.47
13/10/2003,1.37
14/10/2003,1.26
15/10/2003,1.16
16/10/2003,1.08
17/10/2003,1
18/10/2003,0.929
19/10/2003,0.865
20/10/2003,0.878
21/10/2003,1.05
22/10/2003,0.906
23/10/2003,0.851
24/10/2003,0.832
25/10/2003,0.974
26/10/2003,0.893
27/10/2003,0.827
28/10/2003,1.5
29/10/2003,1.97
30/10/2003,2.63
31/10/2003,1.92
01/11/2003,5.21
02/11/2003,4.67
03/11/2003,3.17
04/11/2003,2.82
05/11/2003,2.56
06/11/2003,2.33
07/11/2003,2.13
08/11/2003,1.95
09/11/2003,1.99
10/11/2003,1.78
11/11/2003,2.61
12/11/2003,2.36
13/11/2003,4.96
14/11/2003,4.15
15/11/2003,3.33
16/11/2003,3.74
17/11/2003,3.45
18/11/2003,3.04
19/11/2003,6.18
20/11/2003,4.12
21/11/2003,3.33
22/11/2003,2.99
23/11/2003,2.72
24/11/2003,4.62
25/11/2003,8.5
26/11/2003,4.25
27/11/2003,3.69
28/11/2003,3.95
29/11/2003,5.61
30/11/2003,4.95
01/12/2003,5.76
02/12/2003,4.04
03/12/2003,3.55
04/12/2003,3.21
05/12/2003,2.93
06/12/2003,2.67
07/12/2003,2.44
08/12/2003,2.24
09/12/2003,2.05
10/12/2003,5.16
11/12/2003,3.05
12/12/2003,7.04
13/12/2003,3.81
14/12/2003,3.2
15/12/2003,2.9
16/12/2003,2.64
17/12/2003,2.42
18/12/2003,2.23
19/12/2003,2.42
20/12/2003,2.99
21/12/2003,2.45
22/12/2003,2.78
23/12/2003,2.55
24/12/2003,2.32
25/12/2003,6.26
26/12/2003,5.38
27/12/2003,3.6
28/12/2003,3.13
29/12/2003,2.84
30/12/2003,2.59
31/12/2003,6.18
01/01/2004,3.94
02/01/2004,3.72
03/01/2004,3.18
04/01/2004,3.42
05/01/2004,6.66
06/01/2004,3.94
07/01/2004,5.66
08/01/2004,4.42
09/01/2004,3.71
10/01/2004,4.08
11/01/2004,3.4
12/01/2004,4.22
13/01/2004,3.23
14/01/2004,3.08
15/01/2004,11.3
16/01/2004,4.78
17/01/2004,3.85
18/01/2004,3.45
19/01/2004,4.54
20/01/2004,4.81
21/01/2004,4.05
22/01/2004,3.44
23/01/2004,4.42
24/01/2004,3.29
25/01/2004,2.95
26/01/2004,2.7
27/01/2004,2.61
28/01/2004,2.43
29/01/2004,2.56
30/01/2004,11.2
31/01/2004,7.46
01/02/2004,8.17
02/02/2004,20.4
03/02/2004,13.6
04/02/2004,11.2
05/02/2004,6.85
06/02/2004,7.62
07/02/2004,5.79
08/02/2004,5.1
09/02/2004,4.66
10/02/2004,4.17
11/02/2004,3.75
12/02/2004,3.38
13/02/2004,3.11
14/02/2004,2.82
15/02/2004,2.56
16/02/2004,2.44
17/02/2004,2.22
18/02/2004,2.03
19/02/2004,1.85
20/02/2004,1.71
21/02/2004,1.58
22/02/2004,1.46
23/02/2004,1.38
24/02/2004,1.51
25/02/2004,1.42
26/02/2004,1.36
27/02/2004,1.31
28/02/2004,1.23
29/02/2004,1.18
01/03/2004,1.13
02/03/2004,1.07
03/03/2004,1.59
04/03/2004,1.34
05/03/2004,1.22
06/03/2004,1.16
07/03/2004,1.08
08/03/2004,1.01
09/03/2004,0.944
10/03/2004,0.879
11/03/2004,0.823
12/03/2004,0.831
13/03/2004,2.75
14/03/2004,1.91
15/03/2004,4.09
16/03/2004,2.65
17/03/2004,2.17
18/03/2004,5.5
19/03/2004,3.36
20/03/2004,2.73
21/03/2004,2.45
22/03/2004,2.32
23/03/2004,2.13
24/03/2004,2.09
25/03/2004,1.9
26/03/2004,1.76
27/03/2004,1.63
28/03/2004,1.5
29/03/2004,1.39
30/03/2004,1.3
31/03/2004,1.21
01/04/2004,1.16
02/04/2004,1.14
03/04/2004,1.42
04/04/2004,1.58
05/04/2004,1.51
06/04/2004,1.38
07/04/2004,1.28
08/04/2004,1.19
09/04/2004,1.19
10/04/2004,1.11
11/04/2004,1.03
12/04/2004,0.961
13/04/2004,0.901
14/04/2004,0.849
15/04/2004,1.26
16/04/2004,1.05
17/04/2004,3.05
18/04/2004,1.81
19/04/2004,1.71
20/04/2004,1.8
21/04/2004,1.77
22/04/2004,1.6
23/04/2004,1.46
24/04/2004,1.34
25/04/2004,1.24
26/04/2004,1.15
27/04/2004,1.06
28/04/2004,0.982
29/04/2004,0.913
30/04/2004,0.851
01/05/2004,0.796
02/05/2004,0.739
03/05/2004,2.35
04/05/2004,2.02
05/05/2004,2.3
06/05/2004,1.85
07/05/2004,1.62
08/05/2004,1.52
09/05/2004,1.39
10/05/2004,1.27
11/05/2004,1.17
12/05/2004,1.08
13/05/2004,0.995
14/05/2004,0.921
15/05/2004,0.855
16/05/2004,0.795
17/05/2004,0.741
18/05/2004,0.672
19/05/2004,0.612
20/05/2004,0.572
21/05/2004,0.537
22/05/2004,0.504
23/05/2004,0.456
24/05/2004,0.428
25/05/2004,0.399
26/05/2004,0.376
27/05/2004,0.356
28/05/2004,0.417
29/05/2004,0.36
30/05/2004,0.387
31/05/2004,0.524
01/06/2004,0.442
02/06/2004,0.401
03/06/2004,0.571
04/06/2004,0.493
05/06/2004,0.447
06/06/2004,0.407
07/06/2004,0.378
08/06/2004,0.347
09/06/2004,0.337
10/06/2004,0.316
11/06/2004,0.301
12/06/2004,0.277
13/06/2004,0.26
14/06/2004,0.24
15/06/2004,0.224
16/06/2004,0.21
17/06/2004,0.192
18/06/2004,0.181
19/06/2004,0.178
20/06/2004,0.271
21/06/2004,0.201
22/06/2004,1.26
23/06/2004,1.14
24/06/2004,0.927
25/06/2004,0.871
26/06/2004,0.895
27/06/2004,0.793
28/06/2004,0.72
29/06/2004,1.43
30/06/2004,1.1
01/07/2004,0.965
02/07/2004,0.876
03/07/2004,0.846
04/07/2004,0.761
05/07/2004,0.687
06/07/2004,0.845
07/07/2004,0.651
08/07/2004,0.752
09/07/2004,0.613
10/07/2004,0.54
11/07/2004,0.496
12/07/2004,0.453
13/07/2004,1.47
14/07/2004,1.14
15/07/2004,1.55
16/07/2004,1.93
17/07/2004,1.52
18/07/2004,1.32
19/07/2004,1.99
20/07/2004,2.13
21/07/2004,1.74
22/07/2004,1.71
23/07/2004,1.52
24/07/2004,1.38
25/07/2004,1.47
26/07/2004,1.35
27/07/2004,1.22
28/07/2004,1.11
29/07/2004,1.03
30/07/2004,0.949
31/07/2004,0.873
01/08/2004,0.793
02/08/2004,0.724
03/08/2004,0.666
04/08/2004,0.607
05/08/2004,0.55
06/08/2004,0.511
07/08/2004,0.477
08/08/2004,0.949
09/08/2004,0.591
10/08/2004,0.487
11/08/2004,1.28
12/08/2004,0.987
13/08/2004,0.827
14/08/2004,0.736
15/08/2004,1.17
16/08/2004,1.39
17/08/2004,1.58
18/08/2004,1.72
19/08/2004,2.6
20/08/2004,2.32
21/08/2004,1.94
22/08/2004,3.27
23/08/2004,2.75
24/08/2004,2.53
25/08/2004,2.25
26/08/2004,3.21
27/08/2004,2.49
28/08/2004,2.18
29/08/2004,2.09
30/08/2004,1.88
31/08/2004,1.72
01/09/2004,1.57
02/09/2004,1.44
03/09/2004,1.54
04/09/2004,1.35
05/09/2004,1.23
06/09/2004,1.14
07/09/2004,1.05
08/09/2004,0.972
09/09/2004,0.911
10/09/2004,1.74
11/09/2004,3.3
12/09/2004,8.97
13/09/2004,4.59
14/09/2004,3.51
15/09/2004,3.09
16/09/2004,6.91
17/09/2004,6.72
18/09/2004,4.19
19/09/2004,6.01
20/09/2004,4.18
21/09/2004,3.92
22/09/2004,4.52
23/09/2004,3.7
24/09/2004,3.3
25/09/2004,3.01
26/09/2004,3
27/09/2004,2.72
28/09/2004,2.61
29/09/2004,4.45
30/09/2004,2.95
01/10/2004,3.15
02/10/2004,2.72
03/10/2004,11
04/10/2004,5.47
05/10/2004,4.47
06/10/2004,4.58
07/10/2004,3.78
08/10/2004,3.39
09/10/2004,3.07
10/10/2004,2.78
11/10/2004,2.53
12/10/2004,2.33
13/10/2004,2.21
14/10/2004,9.16
15/10/2004,4.62
16/10/2004,3.33
17/10/2004,3.38
18/10/2004,3.62
19/10/2004,4.43
20/10/2004,5.27
21/10/2004,5.52
22/10/2004,17.5
23/10/2004,9.44
24/10/2004,8.28
25/10/2004,5.69
26/10/2004,4.96
27/10/2004,4.69
28/10/2004,4.37
29/10/2004,3.9
30/10/2004,3.52
31/10/2004,3.19
01/11/2004,2.89
02/11/2004,2.64
03/11/2004,2.76
04/11/2004,2.41
05/11/2004,3.21
06/11/2004,4.54
07/11/2004,3.4
08/11/2004,3.16
09/11/2004,4.03
10/11/2004,3.02
11/11/2004,3.18
12/11/2004,2.77
13/11/2004,2.6
14/11/2004,2.38
15/11/2004,2.27
16/11/2004,2.29
17/11/2004,3.66
18/11/2004,5.05
19/11/2004,3.08
20/11/2004,2.98
21/11/2004,3.05
22/11/2004,2.63
23/11/2004,2.42
24/11/2004,2.46
25/11/2004,3.76
26/11/2004,2.56
27/11/2004,2.78
28/11/2004,2.34
29/11/2004,2.13
30/11/2004,2.2
01/12/2004,1.94
02/12/2004,1.81
03/12/2004,1.68
04/12/2004,1.59
05/12/2004,1.51
06/12/2004,1.51
07/12/2004,1.41
08/12/2004,1.29
09/12/2004,1.21
10/12/2004,1.85
11/12/2004,1.38
12/12/2004,1.24
13/12/2004,1.16
14/12/2004,2.81
15/12/2004,2.9
16/12/2004,2.55
17/12/2004,2.4
18/12/2004,2.26
19/12/2004,2.05
20/12/2004,2.47
21/12/2004,7.06
22/12/2004,4.06
23/12/2004,3.32
24/12/2004,3.83
25/12/2004,4.13
26/12/2004,3.15
27/12/2004,7.53
28/12/2004,4.03
29/12/2004,3.74
30/12/2004,4.44
31/12/2004,3.45
01/01/2005,3.56
02/01/2005,3.04
03/01/2005,3.23
04/01/2005,2.79
05/01/2005,2.86
06/01/2005,3.28
07/01/2005,11.2
08/01/2005,4.72
09/01/2005,5.89
10/01/2005,3.98
11/01/2005,4.17
12/01/2005,3.47
13/01/2005,3.12
14/01/2005,2.99
15/01/2005,2.79
16/01/2005,3.72
17/01/2005,3.05
18/01/2005,2.65
19/01/2005,3.46
20/01/2005,3.58
21/01/2005,2.87
22/01/2005,2.58
23/01/2005,2.34
24/01/2005,2.15
25/01/2005,1.98
26/01/2005,1.83
27/01/2005,1.69
28/01/2005,1.56
29/01/2005,1.44
30/01/2005,1.34
31/01/2005,1.35
01/02/2005,1.28
02/02/2005,1.34
03/02/2005,1.25
04/02/2005,3.09
05/02/2005,1.85
06/02/2005,1.6
07/02/2005,1.47
08/02/2005,1.44
09/02/2005,3.36
10/02/2005,2.07
11/02/2005,3.72
12/02/2005,2.56
13/02/2005,2.29
14/02/2005,2.08
15/02/2005,1.91
16/02/2005,1.89
17/02/2005,1.73
18/02/2005,2.09
19/02/2005,1.8
20/02/2005,1.64
21/02/2005,1.52
22/02/2005,1.4
23/02/2005,1.32
24/02/2005,1.29
25/02/2005,1.23
26/02/2005,1.16
27/02/2005,1.09
28/02/2005,1.23
01/03/2005,1.19
02/03/2005,1.12
03/03/2005,1.2
04/03/2005,1.15
05/03/2005,1.07
06/03/2005,0.997
07/03/2005,0.931
08/03/2005,0.873
09/03/2005,0.822
10/03/2005,0.769
11/03/2005,0.776
12/03/2005,0.736
13/03/2005,0.696
14/03/2005,1.95
15/03/2005,1.71
16/03/2005,1.64
17/03/2005,1.45
18/03/2005,1.33
19/03/2005,1.22
20/03/2005,1.13
21/03/2005,1.55
22/03/2005,1.58
23/03/2005,1.47
24/03/2005,1.35
25/03/2005,1.25
26/03/2005,1.15
27/03/2005,1.07
28/03/2005,0.992
29/03/2005,0.921
30/03/2005,2.55
31/03/2005,1.56
01/04/2005,1.34
02/04/2005,1.22
03/04/2005,1.26
04/04/2005,1.17
05/04/2005,4.5
06/04/2005,2.56
07/04/2005,2.09
08/04/2005,1.87
09/04/2005,1.89
10/04/2005,1.71
11/04/2005,1.63
12/04/2005,1.94
13/04/2005,2.15
14/04/2005,2.16
15/04/2005,4.8
16/04/2005,2.99
17/04/2005,10.3
18/04/2005,5.1
19/04/2005,4.08
20/04/2005,3.58
21/04/2005,3.23
22/04/2005,3.11
23/04/2005,2.79
24/04/2005,2.53
25/04/2005,3.26
26/04/2005,2.55
27/04/2005,3.76
28/04/2005,2.88
29/04/2005,3.34
30/04/2005,2.72
01/05/2005,2.56
02/05/2005,3.64
03/05/2005,2.71
04/05/2005,2.41
05/05/2005,2.32
06/05/2005,2.38
07/05/2005,2.13
08/05/2005,1.97
09/05/2005,1.81
10/05/2005,1.67
11/05/2005,1.54
12/05/2005,1.43
13/05/2005,1.31
14/05/2005,1.21
15/05/2005,1.13
16/05/2005,1.05
17/05/2005,0.98
18/05/2005,1.37
19/05/2005,1.55
20/05/2005,1.29
21/05/2005,1.54
22/05/2005,1.4
23/05/2005,2.79
24/05/2005,2.46
25/05/2005,2.15
26/05/2005,1.9
27/05/2005,1.73
28/05/2005,1.59
29/05/2005,1.46
30/05/2005,1.33
31/05/2005,1.31
01/06/2005,2.05
02/06/2005,1.81
03/06/2005,1.58
04/06/2005,1.47
05/06/2005,1.36
06/06/2005,1.25
07/06/2005,1.11
08/06/2005,1.02
09/06/2005,0.937
10/06/2005,0.866
11/06/2005,0.805
12/06/2005,0.749
13/06/2005,0.729
14/06/2005,0.9
15/06/2005,0.924
16/06/2005,0.883
17/06/2005,0.83
18/06/2005,0.771
19/06/2005,0.716
20/06/2005,0.668
21/06/2005,0.622
22/06/2005,0.581
23/06/2005,0.543
24/06/2005,0.539
25/06/2005,0.483
26/06/2005,0.448
27/06/2005,0.42
28/06/2005,0.498
29/06/2005,0.395
30/06/2005,0.407
01/07/2005,0.543
02/07/2005,0.523
03/07/2005,0.603
04/07/2005,0.539
05/07/2005,1.18
06/07/2005,0.878
07/07/2005,0.756
08/07/2005,0.682
09/07/2005,0.62
10/07/2005,0.566
11/07/2005,0.505
12/07/2005,0.459
13/07/2005,0.418
14/07/2005,0.382
15/07/2005,0.347
16/07/2005,0.311
17/07/2005,0.281
18/07/2005,0.251
19/07/2005,0.23
20/07/2005,0.212
21/07/2005,0.194
22/07/2005,0.17
23/07/2005,0.153
24/07/2005,0.522
25/07/2005,0.209
26/07/2005,0.143
27/07/2005,0.873
28/07/2005,0.721
29/07/2005,0.571
30/07/2005,0.581
31/07/2005,0.497
01/08/2005,0.417
02/08/2005,0.481
03/08/2005,0.396
04/08/2005,0.684
05/08/2005,0.533
06/08/2005,0.458
07/08/2005,0.405
08/08/2005,0.361
09/08/2005,0.326
10/08/2005,0.297
11/08/2005,0.269
12/08/2005,0.669
13/08/2005,1
14/08/2005,0.703
15/08/2005,0.59
16/08/2005,0.523
17/08/2005,0.471
18/08/2005,0.426
19/08/2005,0.392
20/08/2005,0.353
21/08/2005,1.37
22/08/2005,0.894
23/08/2005,2.19
24/08/2005,1.6
25/08/2005,1.39
26/08/2005,1.23
27/08/2005,1.1
28/08/2005,1.25
29/08/2005,1.09
30/08/2005,0.973
31/08/2005,1.01
01/09/2005,0.904
02/09/2005,0.82
03/09/2005,0.75
04/09/2005,1.23
05/09/2005,0.932
06/09/2005,0.808
07/09/2005,0.871
08/09/2005,1.11
09/09/2005,1.04
10/09/2005,0.937
11/09/2005,0.855
12/09/2005,0.781
13/09/2005,0.718
14/09/2005,0.841
15/09/2005,0.894
16/09/2005,0.822
17/09/2005,0.749
18/09/2005,0.688
19/09/2005,0.678
20/09/2005,0.626
21/09/2005,0.65
22/09/2005,0.758
23/09/2005,0.685
24/09/2005,0.745
25/09/2005,0.67
26/09/2005,1.27
27/09/2005,1.02
28/09/2005,1.92
29/09/2005,2.31
30/09/2005,2.12
01/10/2005,1.93
02/10/2005,1.73
03/10/2005,1.57
04/10/2005,1.43
05/10/2005,1.31
06/10/2005,1.2
07/10/2005,1.56
08/10/2005,1.31
09/10/2005,1.18
10/10/2005,3.86
11/10/2005,15.4
12/10/2005,5.62
13/10/2005,4.14
14/10/2005,3.61
15/10/2005,3.24
16/10/2005,2.96
17/10/2005,2.68
18/10/2005,6.82
19/10/2005,6.41
20/10/2005,4.64
21/10/2005,6.08
22/10/2005,4.41
23/10/2005,13.3
24/10/2005,9.93
25/10/2005,6.35
26/10/2005,7.27
27/10/2005,5.14
28/10/2005,4.61
29/10/2005,6.13
30/10/2005,4.76
31/10/2005,6.67
01/11/2005,6.51
02/11/2005,8.79
03/11/2005,12.2
04/11/2005,7.56
05/11/2005,10.3
06/11/2005,6.32
07/11/2005,20.5
08/11/2005,9.24
09/11/2005,8.68
10/11/2005,6.79
11/11/2005,6.45
12/11/2005,5.87
13/11/2005,4.97
14/11/2005,4.84
15/11/2005,4.21
16/11/2005,3.77
17/11/2005,3.4
18/11/2005,3.08
19/11/2005,2.79
20/11/2005,2.54
21/11/2005,2.32
22/11/2005,2.13
23/11/2005,1.97
24/11/2005,2.39
25/11/2005,3.21
26/11/2005,2.6
27/11/2005,2.31
28/11/2005,2.14
29/11/2005,2.12
30/11/2005,2.05
01/12/2005,2.3
02/12/2005,2.35
03/12/2005,3.31
04/12/2005,2.7
05/12/2005,2.89
06/12/2005,2.42
07/12/2005,4.53
08/12/2005,2.83
09/12/2005,2.97
10/12/2005,2.47
11/12/2005,2.35
12/12/2005,2.15
13/12/2005,2
14/12/2005,1.86
15/12/2005,1.75
16/12/2005,1.72
17/12/2005,1.59
18/12/2005,2.49
19/12/2005,1.84
20/12/2005,1.89
21/12/2005,2.15
22/12/2005,1.82
23/12/2005,1.77
24/12/2005,1.62
25/12/2005,1.5
26/12/2005,1.39
27/12/2005,1.3
28/12/2005,1.19
29/12/2005,1.12
30/12/2005,2.46
31/12/2005,2.17
01/01/2006,2.02
02/01/2006,2.75
03/01/2006,2
04/01/2006,1.78
05/01/2006,1.64
06/01/2006,1.52
07/01/2006,1.41
08/01/2006,1.31
09/01/2006,5.38
10/01/2006,7.45
11/01/2006,3.49
12/01/2006,2.87
13/01/2006,6.34
14/01/2006,3.52
15/01/2006,5.14
16/01/2006,4.88
17/01/2006,3.97
18/01/2006,3.42
19/01/2006,4.76
20/01/2006,3.4
21/01/2006,3.02
22/01/2006,2.74
23/01/2006,2.51
24/01/2006,2.29
25/01/2006,2.11
26/01/2006,1.94
27/01/2006,1.79
28/01/2006,1.65
29/01/2006,1.53
30/01/2006,1.42
31/01/2006,1.33
01/02/2006,1.23
02/02/2006,1.14
03/02/2006,1.07
04/02/2006,1.01
05/02/2006,0.926
06/02/2006,0.874
07/02/2006,0.896
08/02/2006,0.848
09/02/2006,0.776
10/02/2006,0.713
11/02/2006,2.94
12/02/2006,3.26
13/02/2006,3.74
14/02/2006,6.37
15/02/2006,3.46
16/02/2006,3.06
17/02/2006,2.74
18/02/2006,2.51
19/02/2006,2.29
20/02/2006,2.09
21/02/2006,1.96
22/02/2006,1.8
23/02/2006,2.79
24/02/2006,1.99
25/02/2006,1.82
26/02/2006,1.67
27/02/2006,1.7
28/02/2006,1.64
01/03/2006,1.53
02/03/2006,1.42
03/03/2006,1.32
04/03/2006,1.26
05/03/2006,1.34
06/03/2006,1.6
07/03/2006,3.34
08/03/2006,3.8
09/03/2006,3.71
10/03/2006,2.78
11/03/2006,3.34
12/03/2006,2.91
13/03/2006,4.79
14/03/2006,3.34
15/03/2006,3.03
16/03/2006,2.75
17/03/2006,2.54
18/03/2006,2.34
19/03/2006,2.15
20/03/2006,1.97
21/03/2006,1.81
22/03/2006,1.67
23/03/2006,1.84
24/03/2006,3.52
25/03/2006,4.64
26/03/2006,6.58
27/03/2006,6.16
28/03/2006,4.52
29/03/2006,5.73
30/03/2006,4.64
31/03/2006,4.55
01/04/2006,3.82
02/04/2006,3.8
03/04/2006,3.37
04/04/2006,3.04
05/04/2006,2.76
06/04/2006,2.61
07/04/2006,2.54
08/04/2006,2.34
09/04/2006,2.22
10/04/2006,3.15
11/04/2006,2.81
12/04/2006,3.56
13/04/2006,2.69
14/04/2006,2.39
15/04/2006,2.18
16/04/2006,2.01
17/04/2006,1.88
18/04/2006,2.88
19/04/2006,2.1
20/04/2006,1.87
21/04/2006,1.71
22/04/2006,1.71
23/04/2006,1.55
24/04/2006,1.87
25/04/2006,1.58
26/04/2006,1.45
27/04/2006,1.33
28/04/2006,1.23
29/04/2006,1.14
30/04/2006,1.62
01/05/2006,1.27
02/05/2006,1.37
03/05/2006,1.23
04/05/2006,1.22
05/05/2006,1.13
06/05/2006,1.08
07/05/2006,1.01
08/05/2006,1.49
09/05/2006,1.2
10/05/2006,1.07
11/05/2006,1.06
12/05/2006,0.959
13/05/2006,0.886
14/05/2006,0.962
15/05/2006,0.948
16/05/2006,0.879
17/05/2006,2.66
18/05/2006,2.61
19/05/2006,5.32
20/05/2006,2.96
21/05/2006,6.66
22/05/2006,4.23
23/05/2006,4.39
24/05/2006,3.39
25/05/2006,4.8
26/05/2006,3.45
27/05/2006,3.09
28/05/2006,2.81
29/05/2006,2.57
30/05/2006,2.34
31/05/2006,2.14
01/06/2006,1.94
02/06/2006,1.77
03/06/2006,1.62
04/06/2006,1.49
05/06/2006,1.38
06/06/2006,1.27
07/06/2006,1.14
08/06/2006,1.05
09/06/2006,0.973
10/06/2006,0.903
11/06/2006,0.881
12/06/2006,0.794
13/06/2006,0.737
14/06/2006,0.69
15/06/2006,0.643
16/06/2006,0.598
17/06/2006,0.56
18/06/2006,0.611
19/06/2006,0.516
20/06/2006,0.685
21/06/2006,0.561
22/06/2006,0.501
23/06/2006,0.461
24/06/2006,0.525
25/06/2006,0.462
26/06/2006,0.539
27/06/2006,0.536
28/06/2006,0.485
29/06/2006,0.448
30/06/2006,0.417
01/07/2006,0.389
02/07/2006,0.363
03/07/2006,0.331
04/07/2006,0.301
05/07/2006,0.282
06/07/2006,0.263
07/07/2006,0.243
08/07/2006,0.778
09/07/2006,0.424
10/07/2006,0.334
11/07/2006,0.289
12/07/2006,0.266
13/07/2006,0.244
14/07/2006,0.227
15/07/2006,0.207
16/07/2006,0.186
17/07/2006,0.165
18/07/2006,0.151
19/07/2006,0.136
20/07/2006,0.123
21/07/2006,0.109
22/07/2006,0.112
23/07/2006,8.85E-02
24/07/2006,7.82E-02
25/07/2006,7.05E-02
26/07/2006,6.24E-02
27/07/2006,5.50E-02
28/07/2006,5.02E-02
29/07/2006,0.255
30/07/2006,9.20E-02
31/07/2006,8.76E-02
01/08/2006,5.03E-02
02/08/2006,4.17E-02
03/08/2006,3.79E-02
04/08/2006,0.227
05/08/2006,0.102
06/08/2006,0.114
07/08/2006,7.33E-02
08/08/2006,0.241
09/08/2006,0.121
10/08/2006,8.50E-02
11/08/2006,6.77E-02
12/08/2006,5.78E-02
13/08/2006,5.10E-02
14/08/2006,4.60E-02
15/08/2006,0.141
16/08/2006,9.14E-02
17/08/2006,0.171
18/08/2006,0.796
19/08/2006,1.74
20/08/2006,1.21
21/08/2006,0.917
22/08/2006,0.76
23/08/2006,0.641
24/08/2006,0.545
25/08/2006,0.656
26/08/2006,0.539
27/08/2006,0.695
28/08/2006,0.667
29/08/2006,0.581
30/08/2006,1.86
31/08/2006,3.23
01/09/2006,2.79
02/09/2006,3.45
03/09/2006,2.62
04/09/2006,2.4
05/09/2006,2.22
06/09/2006,2.04
07/09/2006,1.84
08/09/2006,1.66
09/09/2006,1.5
10/09/2006,1.36
11/09/2006,1.24
12/09/2006,1.13
13/09/2006,1.1
14/09/2006,1.04
15/09/2006,0.935
16/09/2006,0.858
17/09/2006,0.792
18/09/2006,1.32
19/09/2006,1.08
20/09/2006,2.03
21/09/2006,1.49
22/09/2006,1.29
23/09/2006,1.17
24/09/2006,1.07
25/09/2006,0.979
26/09/2006,0.901
27/09/2006,1.08
28/09/2006,0.986
29/09/2006,1.33
30/09/2006,1.55
01/10/2006,3.18
02/10/2006,2.27
03/10/2006,2.12
04/10/2006,2.49
05/10/2006,4.87
06/10/2006,2.98
07/10/2006,2.55
08/10/2006,2.86
09/10/2006,2.42
10/10/2006,4.19
11/10/2006,3.21
12/10/2006,2.67
13/10/2006,2.4
14/10/2006,2.19
15/10/2006,2
16/10/2006,1.91
17/10/2006,2.43
18/10/2006,2.2
19/10/2006,2.54
20/10/2006,2.57
21/10/2006,3.52
22/10/2006,2.8
23/10/2006,2.42
24/10/2006,2.2
25/10/2006,5.23
26/10/2006,3.02
27/10/2006,3.66
28/10/2006,2.98
29/10/2006,3.19
30/10/2006,2.82
31/10/2006,2.62
01/11/2006,2.39
02/11/2006,2.19
03/11/2006,2.01
04/11/2006,1.85
05/11/2006,1.71
06/11/2006,1.58
07/11/2006,2.27
08/11/2006,1.89
09/11/2006,1.69
10/11/2006,3.88
11/11/2006,2.41
12/11/2006,2.21
13/11/2006,2.05
14/11/2006,3.14
15/11/2006,3.56
16/11/2006,3.32
17/11/2006,2.72
18/11/2006,2.47
19/11/2006,8.72
20/11/2006,4.18
21/11/2006,3.4
22/11/2006,6.52
23/11/2006,4.07
24/11/2006,6.69
25/11/2006,6.03
26/11/2006,4.85
27/11/2006,4.92
28/11/2006,4.77
29/11/2006,4.13
30/11/2006,5.46
01/12/2006,4.19
02/12/2006,13.5
03/12/2006,5.66
04/12/2006,9.36
05/12/2006,6.23
06/12/2006,7.54
07/12/2006,5.47
08/12/2006,5.13
09/12/2006,4.74
10/12/2006,19.6
11/12/2006,7.14
12/12/2006,5.62
13/12/2006,5.67
14/12/2006,11.8
15/12/2006,9.11
16/12/2006,6.1
17/12/2006,6.49
18/12/2006,5.03
19/12/2006,4.47
20/12/2006,4.02
21/12/2006,3.63
22/12/2006,3.28
23/12/2006,2.98
24/12/2006,2.71
25/12/2006,2.47
26/12/2006,2.26
27/12/2006,3.25
28/12/2006,3.1
29/12/2006,9.64
30/12/2006,4.96
31/12/2006,4.63
01/01/2007,3.67
02/01/2007,4.25
03/01/2007,3.59
04/01/2007,3.23
05/01/2007,3.33
06/01/2007,5.29
07/01/2007,7.68
08/01/2007,7.77
09/01/2007,7.88
10/01/2007,6.59
11/01/2007,4.81
12/01/2007,4.37
13/01/2007,5.02
14/01/2007,4.01
15/01/2007,5.42
16/01/2007,7.35
17/01/2007,8.6
18/01/2007,4.85
19/01/2007,4.76
20/01/2007,4.13
21/01/2007,4.86
22/01/2007,3.87
23/01/2007,3.79
24/01/2007,3.37
25/01/2007,3.11
26/01/2007,2.97
27/01/2007,2.72
28/01/2007,2.48
29/01/2007,2.27
30/01/2007,2.09
31/01/2007,1.95
01/02/2007,1.82
02/02/2007,1.69
03/02/2007,1.54
04/02/2007,1.44
05/02/2007,1.34
06/02/2007,1.23
07/02/2007,1.14
08/02/2007,1.1
09/02/2007,1.11
10/02/2007,1.94
11/02/2007,2.64
12/02/2007,1.78
13/02/2007,2.5
14/02/2007,1.84
15/02/2007,2.46
16/02/2007,1.95
17/02/2007,1.75
18/02/2007,1.6
19/02/2007,2.1
20/02/2007,2.04
21/02/2007,3.93
22/02/2007,2.57
23/02/2007,4.31
24/02/2007,4.04
25/02/2007,3.03
26/02/2007,3.58
27/02/2007,2.99
28/02/2007,2.74
01/03/2007,2.51
02/03/2007,2.53
03/03/2007,2.24
04/03/2007,4.75
05/03/2007,9.33
06/03/2007,4.4
07/03/2007,3.54
08/03/2007,4.82
09/03/2007,3.43
10/03/2007,3.03
11/03/2007,2.97
12/03/2007,2.65
13/03/2007,2.43
14/03/2007,2.23
15/03/2007,2.33
16/03/2007,2.1
17/03/2007,2.66
18/03/2007,2.25
19/03/2007,2.07
20/03/2007,1.9
21/03/2007,2.05
22/03/2007,1.84
23/03/2007,1.69
24/03/2007,1.56
25/03/2007,1.44
26/03/2007,1.34
27/03/2007,1.25
28/03/2007,1.17
29/03/2007,1.1
30/03/2007,1.03
31/03/2007,0.955
01/04/2007,0.898
02/04/2007,0.847
03/04/2007,0.798
04/04/2007,0.755
05/04/2007,0.714
06/04/2007,0.674
07/04/2007,0.638
08/04/2007,0.606
09/04/2007,0.576
10/04/2007,0.549
11/04/2007,0.523
12/04/2007,0.499
13/04/2007,0.476
14/04/2007,0.45
15/04/2007,0.429
16/04/2007,0.41
17/04/2007,0.387
18/04/2007,0.367
19/04/2007,0.329
20/04/2007,0.314
21/04/2007,0.3
22/04/2007,0.681
23/04/2007,2.82
24/04/2007,2.4
25/04/2007,1.78
26/04/2007,1.54
27/04/2007,1.38
28/04/2007,1.23
29/04/2007,1.12
30/04/2007,1.02
01/05/2007,0.933
02/05/2007,0.856
03/05/2007,0.787
04/05/2007,0.725
05/05/2007,0.669
06/05/2007,0.641
07/05/2007,0.592
08/05/2007,0.556
09/05/2007,0.728
10/05/2007,0.637
11/05/2007,0.755
12/05/2007,0.695
13/05/2007,1.46
14/05/2007,1.5
15/05/2007,1.39
16/05/2007,3.03
17/05/2007,2.14
18/05/2007,1.96
19/05/2007,1.75
20/05/2007,1.58
21/05/2007,1.44
22/05/2007,1.31
23/05/2007,1.19
24/05/2007,1.18
25/05/2007,1.05
26/05/2007,0.963
27/05/2007,0.921
28/05/2007,0.933
29/05/2007,0.851
30/05/2007,0.799
31/05/2007,0.984
01/06/2007,0.846
02/06/2007,0.757
03/06/2007,0.707
04/06/2007,0.655
05/06/2007,0.597
06/06/2007,0.549
07/06/2007,0.511
08/06/2007,0.477
09/06/2007,0.446
10/06/2007,0.416
11/06/2007,0.586
12/06/2007,0.437
13/06/2007,0.432
14/06/2007,0.924
15/06/2007,1.77
16/06/2007,1.24
17/06/2007,1.06
18/06/2007,1.14
19/06/2007,1.34
20/06/2007,1.36
21/06/2007,1.22
22/06/2007,1.1
23/06/2007,1.4
24/06/2007,2.14
25/06/2007,3.61
26/06/2007,2.51
27/06/2007,2.12
28/06/2007,3.57
29/06/2007,2.88
30/06/2007,5.72
01/07/2007,4.35
02/07/2007,3.72
03/07/2007,3.99
04/07/2007,3.47
05/07/2007,4.53
06/07/2007,3.34
07/07/2007,2.96
08/07/2007,2.72
09/07/2007,3.18
10/07/2007,2.62
11/07/2007,2.34
12/07/2007,2.75
13/07/2007,7.21
14/07/2007,3.52
15/07/2007,3.05
16/07/2007,3
17/07/2007,2.68
18/07/2007,2.42
19/07/2007,3.3
20/07/2007,5.05
21/07/2007,3.66
22/07/2007,3.26
23/07/2007,2.85
24/07/2007,4.07
25/07/2007,3.23
26/07/2007,2.82
27/07/2007,2.53
28/07/2007,2.31
29/07/2007,2.11
30/07/2007,1.93
31/07/2007,1.76
01/08/2007,1.62
02/08/2007,1.49
03/08/2007,2.79
04/08/2007,3.44
05/08/2007,2.78
06/08/2007,2.3
07/08/2007,2.06
08/08/2007,1.85
09/08/2007,1.7
10/08/2007,1.56
11/08/2007,3.98
12/08/2007,2.2
13/08/2007,2.29
14/08/2007,2.72
15/08/2007,2.4
16/08/2007,2.11
17/08/2007,4.51
18/08/2007,4.86
19/08/2007,3.15
20/08/2007,2.74
21/08/2007,2.48
22/08/2007,2.26
23/08/2007,2.06
24/08/2007,1.88
25/08/2007,1.71
26/08/2007,1.55
27/08/2007,1.42
28/08/2007,1.29
29/08/2007,1.19
30/08/2007,1.12
31/08/2007,1.06
01/09/2007,1
02/09/2007,1.25
03/09/2007,1.08
04/09/2007,1.16
05/09/2007,1.05
06/09/2007,0.967
07/09/2007,0.899
08/09/2007,0.837
09/09/2007,0.782
10/09/2007,0.73
11/09/2007,0.684
12/09/2007,0.644
13/09/2007,0.642
14/09/2007,0.593
15/09/2007,0.556
16/09/2007,0.702
17/09/2007,0.761
18/09/2007,0.896
19/09/2007,1.17
20/09/2007,3.66
21/09/2007,2.89
22/09/2007,3.13
23/09/2007,7.03
24/09/2007,4.5
25/09/2007,3.62
26/09/2007,3.19
27/09/2007,2.88
28/09/2007,2.61
29/09/2007,2.37
30/09/2007,2.15
01/10/2007,1.96
02/10/2007,1.79
03/10/2007,2.16
04/10/2007,1.8
05/10/2007,1.63
06/10/2007,1.5
07/10/2007,1.39
08/10/2007,2.42
09/10/2007,1.76
10/10/2007,1.55
11/10/2007,1.44
12/10/2007,1.38
13/10/2007,1.39
14/10/2007,1.29
15/10/2007,1.95
16/10/2007,1.58
17/10/2007,1.42
18/10/2007,1.31
19/10/2007,1.22
20/10/2007,1.13
21/10/2007,1.05
22/10/2007,0.975
23/10/2007,0.911
24/10/2007,0.854
25/10/2007,0.785
26/10/2007,1.7
27/10/2007,4.35
28/10/2007,2.54
29/10/2007,2.1
30/10/2007,1.89
31/10/2007,1.72
01/11/2007,1.58
02/11/2007,1.46
03/11/2007,1.35
04/11/2007,1.25
05/11/2007,1.2
06/11/2007,1.11
07/11/2007,1.05
08/11/2007,1.38
09/11/2007,1.19
10/11/2007,1.14
11/11/2007,1.05
12/11/2007,1.08
13/11/2007,1.03
14/11/2007,1.05
15/11/2007,0.978
16/11/2007,0.911
17/11/2007,4.69
18/11/2007,2.41
19/11/2007,1.95
20/11/2007,2.55
21/11/2007,2.6
22/11/2007,2.24
23/11/2007,2.19
24/11/2007,2.12
25/11/2007,2.06
26/11/2007,1.97
27/11/2007,2.86
28/11/2007,4.34
29/11/2007,3.76
30/11/2007,3.59
01/12/2007,4.68
02/12/2007,3.93
03/12/2007,3.56
04/12/2007,4.87
05/12/2007,5.39
06/12/2007,5.37
07/12/2007,5.23
08/12/2007,7.08
09/12/2007,6.43
10/12/2007,4.3
11/12/2007,3.79
12/12/2007,3.43
13/12/2007,3.11
14/12/2007,2.83
15/12/2007,2.58
16/12/2007,2.35
17/12/2007,2.16
18/12/2007,1.98
19/12/2007,1.82
20/12/2007,1.69
21/12/2007,1.57
22/12/2007,2.56
23/12/2007,2.81
24/12/2007,2.85
25/12/2007,2.33
26/12/2007,2.14
27/12/2007,9.98
28/12/2007,6.6
29/12/2007,4.05
30/12/2007,3.53
31/12/2007,3.96
01/01/2008,3.23
02/01/2008,2.92
03/01/2008,2.66
04/01/2008,3.27
05/01/2008,2.63
06/01/2008,2.89
07/01/2008,3.56
08/01/2008,4.49
09/01/2008,15.9
10/01/2008,6.48
11/01/2008,4.71
12/01/2008,5.8
13/01/2008,11.4
14/01/2008,8.75
15/01/2008,6.54
16/01/2008,7.01
17/01/2008,7.95
18/01/2008,6.85
19/01/2008,7.74
20/01/2008,8.41
21/01/2008,5.56
22/01/2008,6.99
23/01/2008,5.76
24/01/2008,4.66
25/01/2008,4.15
26/01/2008,3.74
27/01/2008,3.38
28/01/2008,3.07
29/01/2008,4.17
30/01/2008,3.9
31/01/2008,3.1
01/02/2008,2.78
02/02/2008,2.59
03/02/2008,3.98
04/02/2008,3.63
05/02/2008,2.97
06/02/2008,2.96
07/02/2008,2.63
08/02/2008,2.41
09/02/2008,2.22
10/02/2008,2.05
11/02/2008,1.87
12/02/2008,1.73
13/02/2008,1.6
14/02/2008,1.47
15/02/2008,1.37
16/02/2008,1.28
17/02/2008,1.19
18/02/2008,1.1
19/02/2008,1.04
20/02/2008,1.05
21/02/2008,1.42
22/02/2008,1.21
23/02/2008,1.3
24/02/2008,1.21
25/02/2008,4.93
26/02/2008,2.33
27/02/2008,1.89
28/02/2008,1.71
29/02/2008,3.08
01/03/2008,2.09
02/03/2008,1.84
03/03/2008,1.81
04/03/2008,1.69
05/03/2008,1.56
06/03/2008,2.04
07/03/2008,1.75
08/03/2008,1.86
09/03/2008,2.98
10/03/2008,2.6
11/03/2008,2.13
12/03/2008,1.93
13/03/2008,1.9
14/03/2008,1.75
15/03/2008,4.02
16/03/2008,2.31
17/03/2008,1.98
18/03/2008,1.79
19/03/2008,1.65
20/03/2008,2.06
21/03/2008,1.76
22/03/2008,2.02
23/03/2008,1.82
24/03/2008,1.66
25/03/2008,1.8
26/03/2008,1.61
27/03/2008,2.87
28/03/2008,2.29
29/03/2008,4.73
30/03/2008,2.77
31/03/2008,2.64
01/04/2008,2.39
02/04/2008,2.19
03/04/2008,2.02
04/04/2008,1.96
05/04/2008,1.88
06/04/2008,1.83
07/04/2008,1.78
08/04/2008,1.67
09/04/2008,1.57
10/04/2008,2.54
11/04/2008,2.94
12/04/2008,3
13/04/2008,2.3
14/04/2008,2.09
15/04/2008,1.93
16/04/2008,1.77
17/04/2008,1.61
18/04/2008,1.49
19/04/2008,1.4
20/04/2008,1.31
21/04/2008,1.22
22/04/2008,1.18
23/04/2008,1.55
24/04/2008,1.29
25/04/2008,1.6
26/04/2008,1.66
27/04/2008,2.12
28/04/2008,1.83
29/04/2008,2.47
30/04/2008,1.99
01/05/2008,1.77
02/05/2008,1.62
03/05/2008,1.49
04/05/2008,1.74
05/05/2008,1.47
06/05/2008,1.34
07/05/2008,1.24
08/05/2008,1.14
09/05/2008,1.14
10/05/2008,1.02
11/05/2008,0.953
12/05/2008,0.888
13/05/2008,0.817
14/05/2008,0.762
15/05/2008,0.708
16/05/2008,0.641
17/05/2008,0.602
18/05/2008,0.533
19/05/2008,0.502
20/05/2008,0.471
21/05/2008,0.444
22/05/2008,0.474
23/05/2008,0.404
24/05/2008,0.369
25/05/2008,0.348
26/05/2008,0.335
27/05/2008,0.315
28/05/2008,0.35
29/05/2008,0.311
30/05/2008,0.284
31/05/2008,0.267
01/06/2008,0.253
02/06/2008,0.241
03/06/2008,0.228
04/06/2008,0.23
05/06/2008,0.426
06/06/2008,0.296
07/06/2008,0.247
08/06/2008,0.223
09/06/2008,0.209
10/06/2008,0.193
11/06/2008,0.21
12/06/2008,0.169
13/06/2008,0.156
14/06/2008,0.146
15/06/2008,0.139
16/06/2008,0.133
17/06/2008,0.614
18/06/2008,2.36
19/06/2008,1.46
20/06/2008,1.17
21/06/2008,2.02
22/06/2008,1.54
23/06/2008,1.31
24/06/2008,1.22
25/06/2008,1.27
26/06/2008,3.47
27/06/2008,2.6
28/06/2008,2.12
29/06/2008,2
30/06/2008,1.78
01/07/2008,1.7
02/07/2008,1.62
03/07/2008,1.51
04/07/2008,1.75
05/07/2008,1.65
06/07/2008,1.93
07/07/2008,1.75
08/07/2008,1.6
09/07/2008,2.28
10/07/2008,1.92
11/07/2008,1.9
12/07/2008,1.76
13/07/2008,1.63
14/07/2008,1.48
15/07/2008,1.35
16/07/2008,1.51
17/07/2008,1.62
18/07/2008,1.53
19/07/2008,1.38
20/07/2008,1.26
21/07/2008,1.16
22/07/2008,1.07
23/07/2008,0.983
24/07/2008,0.903
25/07/2008,0.834
26/07/2008,0.773
27/07/2008,0.701
28/07/2008,1.56
29/07/2008,2.05
30/07/2008,2.79
31/07/2008,3.53
01/08/2008,2.5
02/08/2008,2.15
03/08/2008,1.94
04/08/2008,1.87
05/08/2008,2.45
06/08/2008,2.29
07/08/2008,2.86
08/08/2008,3.04
09/08/2008,5.59
10/08/2008,3.2
11/08/2008,7.52
12/08/2008,6.25
13/08/2008,4.54
14/08/2008,3.76
15/08/2008,3.74
16/08/2008,6.82
17/08/2008,6.35
18/08/2008,17.5
19/08/2008,6.99
20/08/2008,5.83
21/08/2008,4.98
22/08/2008,4.44
23/08/2008,5.55
24/08/2008,4.13
25/08/2008,3.7
26/08/2008,3.35
27/08/2008,3.06
28/08/2008,2.8
29/08/2008,2.55
30/08/2008,2.32
31/08/2008,2.54
01/09/2008,2.21
02/09/2008,2.02
03/09/2008,2.73
04/09/2008,2.86
05/09/2008,5.2
06/09/2008,6.65
07/09/2008,4.06
08/09/2008,3.5
09/09/2008,3.23
10/09/2008,4.46
11/09/2008,3.46
12/09/2008,3.04
13/09/2008,2.75
14/09/2008,2.9
15/09/2008,2.66
16/09/2008,2.49
17/09/2008,2.25
18/09/2008,2.06
19/09/2008,1.9
20/09/2008,1.75
21/09/2008,1.61
22/09/2008,1.44
23/09/2008,1.33
24/09/2008,1.23
25/09/2008,1.13
26/09/2008,1.05
27/09/2008,0.99
28/09/2008,0.918
29/09/2008,2.21
30/09/2008,2.41
01/10/2008,2.09
02/10/2008,2.22
03/10/2008,2.05
04/10/2008,9.72
05/10/2008,4.11
06/10/2008,4.58
07/10/2008,6.49
08/10/2008,4.09
09/10/2008,3.56
10/10/2008,13.1
11/10/2008,5.6
12/10/2008,4.45
13/10/2008,4.87
14/10/2008,11.8
15/10/2008,6.07
16/10/2008,4.77
17/10/2008,4.23
18/10/2008,3.82
19/10/2008,10.3
20/10/2008,5
21/10/2008,4.13
22/10/2008,3.82
23/10/2008,12.7
24/10/2008,5.42
25/10/2008,19.4
26/10/2008,7.4
27/10/2008,6.5
28/10/2008,7.22
29/10/2008,8.91
30/10/2008,5.81
31/10/2008,4.98
01/11/2008,4.46
02/11/2008,4.01
03/11/2008,3.61
04/11/2008,3.26
05/11/2008,2.95
06/11/2008,3.23
07/11/2008,5.15
08/11/2008,5.67
09/11/2008,4.54
10/11/2008,3.92
11/11/2008,3.43
12/11/2008,4.73
13/11/2008,3.78
14/11/2008,3.27
15/11/2008,3.62
16/11/2008,3.07
17/11/2008,5.1
18/11/2008,3.44
19/11/2008,3.04
20/11/2008,3.01
21/11/2008,2.91
22/11/2008,3.77
23/11/2008,3.67
24/11/2008,2.97
25/11/2008,2.82
26/11/2008,2.84
27/11/2008,3.23
28/11/2008,2.68
29/11/2008,2.41
30/11/2008,2.18
01/12/2008,2.13
02/12/2008,2.02
03/12/2008,4.61
04/12/2008,3.27
05/12/2008,2.79
06/12/2008,2.45
07/12/2008,2.23
08/12/2008,4.24
09/12/2008,3.13
10/12/2008,2.55
11/12/2008,2.38
12/12/2008,9.67
13/12/2008,4.48
14/12/2008,3.56
15/12/2008,3.33
16/12/2008,5.86
17/12/2008,3.63
18/12/2008,3.22
19/12/2008,3.34
20/12/2008,2.91
21/12/2008,2.74
22/12/2008,2.54
23/12/2008,2.34
24/12/2008,2.15
25/12/2008,1.98
26/12/2008,1.83
27/12/2008,1.7
28/12/2008,1.57
29/12/2008,1.45
30/12/2008,1.35
31/12/2008,1.26
01/01/2009,1.18
02/01/2009,1.11
03/01/2009,1.04
04/01/2009,0.985
05/01/2009,0.93
06/01/2009,0.881
07/01/2009,0.852
08/01/2009,0.806
09/01/2009,0.765
10/01/2009,0.912
11/01/2009,6.13
12/01/2009,3.23
13/01/2009,2.74
14/01/2009,2.59
15/01/2009,3.5
16/01/2009,4.07
17/01/2009,4.14
18/01/2009,5.75
19/01/2009,3.87
20/01/2009,3.54
21/01/2009,7.74
22/01/2009,5.8
23/01/2009,4.07
24/01/2009,6.23
25/01/2009,4.18
26/01/2009,3.67
27/01/2009,5.03
28/01/2009,3.61
29/01/2009,3.54
30/01/2009,3.26
31/01/2009,2.89
01/02/2009,2.64
02/02/2009,2.42
03/02/2009,2.25
04/02/2009,2.11
05/02/2009,1.95
06/02/2009,1.87
07/02/2009,1.73
08/02/2009,1.72
09/02/2009,1.61
10/02/2009,1.56
11/02/2009,1.46
12/02/2009,1.4
13/02/2009,1.34
14/02/2009,1.26
15/02/2009,1.18
16/02/2009,1.11
17/02/2009,1.04
18/02/2009,0.974
19/02/2009,0.933
20/02/2009,0.885
21/02/2009,0.853
22/02/2009,0.811
23/02/2009,0.77
24/02/2009,0.727
25/02/2009,0.701
26/02/2009,0.734
27/02/2009,0.753
28/02/2009,0.755
01/03/2009,0.718
02/03/2009,0.822
03/03/2009,1.95
04/03/2009,1.36
05/03/2009,1.2
06/03/2009,1.25
07/03/2009,1.25
08/03/2009,1.17
09/03/2009,2.34
10/03/2009,1.59
11/03/2009,1.72
12/03/2009,1.52
13/03/2009,1.79
14/03/2009,1.51
15/03/2009,1.37
16/03/2009,1.27
17/03/2009,1.16
18/03/2009,1.07
19/03/2009,1
20/03/2009,0.928
21/03/2009,0.847
22/03/2009,0.783
23/03/2009,0.743
24/03/2009,0.767
25/03/2009,0.756
26/03/2009,0.744
27/03/2009,0.768
28/03/2009,0.72
29/03/2009,0.798
30/03/2009,0.748
31/03/2009,0.698
01/04/2009,0.653
02/04/2009,0.611
03/04/2009,0.659
04/04/2009,0.616
05/04/2009,0.576
06/04/2009,0.708
07/04/2009,1.42
08/04/2009,1.18
09/04/2009,1.22
10/04/2009,1.1
11/04/2009,1
12/04/2009,0.916
13/04/2009,0.876
14/04/2009,0.847
15/04/2009,0.814
16/04/2009,0.783
17/04/2009,0.729
18/04/2009,0.677
19/04/2009,0.625
20/04/2009,0.583
21/04/2009,0.544
22/04/2009,0.506
23/04/2009,0.476
24/04/2009,0.448
25/04/2009,0.46
26/04/2009,2.13
27/04/2009,1.31
28/04/2009,2.02
29/04/2009,3.15
30/04/2009,2.22
01/05/2009,2.29
02/05/2009,2.05
03/05/2009,1.87
04/05/2009,2.1
05/05/2009,1.85
06/05/2009,1.89
07/05/2009,1.74
08/05/2009,1.59
09/05/2009,1.53
10/05/2009,1.4
11/05/2009,1.29
12/05/2009,1.19
13/05/2009,1.11
14/05/2009,1.26
15/05/2009,1.2
16/05/2009,1.72
17/05/2009,2.79
18/05/2009,2.01
19/05/2009,1.79
20/05/2009,2.08
21/05/2009,1.86
22/05/2009,2.55
23/05/2009,1.98
24/05/2009,1.77
25/05/2009,1.77
26/05/2009,2.2
27/05/2009,1.83
28/05/2009,1.62
29/05/2009,1.48
30/05/2009,1.36
31/05/2009,1.24
01/06/2009,1.14
02/06/2009,1.05
03/06/2009,0.971
04/06/2009,0.894
05/06/2009,0.912
06/06/2009,0.965
07/06/2009,0.808
08/06/2009,0.734
09/06/2009,0.68
10/06/2009,0.635
11/06/2009,0.595
12/06/2009,0.558
13/06/2009,0.525
14/06/2009,0.479
15/06/2009,0.447
16/06/2009,0.521
17/06/2009,1.5
18/06/2009,0.983
19/06/2009,0.916
20/06/2009,0.821
21/06/2009,0.787
22/06/2009,0.717
23/06/2009,0.659
24/06/2009,0.607
25/06/2009,0.559
26/06/2009,0.848
27/06/2009,0.618
28/06/2009,0.536
29/06/2009,0.485
30/06/2009,0.439
01/07/2009,0.402
02/07/2009,1.3
03/07/2009,0.845
04/07/2009,1.05
05/07/2009,1.27
06/07/2009,1.68
07/07/2009,1.36
08/07/2009,1.19
09/07/2009,1.07
10/07/2009,0.966
11/07/2009,2.13
12/07/2009,1.48
13/07/2009,1.54
14/07/2009,1.47
15/07/2009,1.31
16/07/2009,2.21
17/07/2009,1.82
18/07/2009,1.62
19/07/2009,1.46
20/07/2009,1.39
21/07/2009,1.83
22/07/2009,1.62
23/07/2009,1.44
24/07/2009,1.31
25/07/2009,1.8
26/07/2009,1.64
27/07/2009,1.49
28/07/2009,5.31
29/07/2009,2.89
30/07/2009,2.34
31/07/2009,2.76
01/08/2009,2.26
02/08/2009,2.01
03/08/2009,2.58
04/08/2009,2.32
05/08/2009,2.03
06/08/2009,1.84
07/08/2009,1.67
08/08/2009,1.53
09/08/2009,1.92
10/08/2009,1.56
11/08/2009,2.32
12/08/2009,1.86
13/08/2009,1.63
14/08/2009,1.93
15/08/2009,1.84
16/08/2009,1.63
17/08/2009,1.49
18/08/2009,1.52
19/08/2009,4.59
20/08/2009,2.5
21/08/2009,2.08
22/08/2009,2
23/08/2009,4.89
24/08/2009,2.82
25/08/2009,3.84
26/08/2009,3.35
27/08/2009,3.38
28/08/2009,2.86
29/08/2009,2.58
30/08/2009,5.96
31/08/2009,7.15
01/09/2009,5.82
02/09/2009,11.1
03/09/2009,5.23
04/09/2009,4.31
05/09/2009,3.84
06/09/2009,6.61
07/09/2009,4.16
08/09/2009,5.64
09/09/2009,3.88
10/09/2009,3.4
11/09/2009,3.07
12/09/2009,2.78
13/09/2009,2.52
14/09/2009,2.29
15/09/2009,2.09
16/09/2009,1.91
17/09/2009,1.75
18/09/2009,1.6
19/09/2009,1.48
20/09/2009,1.31
21/09/2009,1.22
22/09/2009,1.13
23/09/2009,1.05
24/09/2009,0.968
25/09/2009,0.903
26/09/2009,0.843
27/09/2009,0.781
28/09/2009,0.735
29/09/2009,0.739
30/09/2009,0.698
01/10/2009,0.662
02/10/2009,0.678
03/10/2009,0.673
04/10/2009,0.641
05/10/2009,0.774
06/10/2009,2.47
07/10/2009,1.55
08/10/2009,1.29
09/10/2009,1.32
10/10/2009,1.33
11/10/2009,1.23
12/10/2009,1.13
13/10/2009,1.04
14/10/2009,0.966
15/10/2009,0.897
16/10/2009,0.834
17/10/2009,0.778
18/10/2009,2.23
19/10/2009,1.51
20/10/2009,1.66
21/10/2009,1.45
22/10/2009,1.78
23/10/2009,1.87
24/10/2009,1.92
25/10/2009,1.7
26/10/2009,1.55
27/10/2009,2.01
28/10/2009,1.62
29/10/2009,1.46
30/10/2009,2.01
31/10/2009,4.88
01/11/2009,3.14
02/11/2009,3.66
03/11/2009,2.81
04/11/2009,3.85
05/11/2009,3.46
06/11/2009,4.53
07/11/2009,4.95
08/11/2009,3.58
09/11/2009,3.24
10/11/2009,3.06
11/11/2009,3.04
12/11/2009,5.94
13/11/2009,11
14/11/2009,6.72
15/11/2009,6.16
16/11/2009,5
17/11/2009,7.83
18/11/2009,10.6
19/11/2009,21.2
20/11/2009,7.65
21/11/2009,12.1
22/11/2009,7.01
23/11/2009,10.3
24/11/2009,8.72
25/11/2009,6.69
26/11/2009,5.67
27/11/2009,7.59
28/11/2009,5.63
29/11/2009,9.15
30/11/2009,5.6
01/12/2009,5.69
02/12/2009,5.6
03/12/2009,4.54
04/12/2009,6.2
05/12/2009,10.6
06/12/2009,8.25
07/12/2009,7.69
08/12/2009,5.8
09/12/2009,5.48
10/12/2009,4.66
11/12/2009,4.18
12/12/2009,3.78
13/12/2009,3.42
14/12/2009,3.3
15/12/2009,3.01
16/12/2009,2.78
17/12/2009,2.56
18/12/2009,2.35
19/12/2009,2.25
20/12/2009,2.23
21/12/2009,2.1
22/12/2009,2.04
23/12/2009,1.88
24/12/2009,1.81
25/12/2009,2.27
26/12/2009,2.99
27/12/2009,2.43
28/12/2009,2.19
29/12/2009,2.35
30/12/2009,2.25
31/12/2009,2.02
01/01/2010,1.85
02/01/2010,1.94
03/01/2010,1.69
04/01/2010,1.56
05/01/2010,1.53
06/01/2010,1.37
07/01/2010,1.27
08/01/2010,1.19
09/01/2010,1.12
10/01/2010,1.21
11/01/2010,1.09
12/01/2010,1.03
13/01/2010,0.978
14/01/2010,1.46
15/01/2010,3.99
16/01/2010,2.01
17/01/2010,2.02
18/01/2010,2.01
19/01/2010,2.44
20/01/2010,2.25
21/01/2010,4.62
22/01/2010,2.7
23/01/2010,2.36
24/01/2010,2.19
25/01/2010,2.01
26/01/2010,1.85
27/01/2010,1.95
28/01/2010,3.56
29/01/2010,2.33
30/01/2010,2.05
31/01/2010,1.95
01/02/2010,2.67
02/02/2010,2.26
03/02/2010,2.39
04/02/2010,2.14
05/02/2010,1.95
06/02/2010,1.8
07/02/2010,1.66
08/02/2010,1.54
09/02/2010,1.42
10/02/2010,1.32
11/02/2010,1.23
12/02/2010,1.15
13/02/2010,1.07
14/02/2010,1.44
15/02/2010,1.9
16/02/2010,1.56
17/02/2010,1.4
18/02/2010,1.3
19/02/2010,1.32
20/02/2010,1.49
21/02/2010,1.61
22/02/2010,1.33
23/02/2010,1.34
24/02/2010,1.29
25/02/2010,1.46
26/02/2010,1.43
27/02/2010,1.39
28/02/2010,1.31
01/03/2010,1.22
02/03/2010,1.12
03/03/2010,1.04
04/03/2010,0.972
05/03/2010,0.908
06/03/2010,0.846
07/03/2010,0.794
08/03/2010,0.746
09/03/2010,0.704
10/03/2010,0.644
11/03/2010,0.611
12/03/2010,0.58
13/03/2010,0.54
14/03/2010,0.513
15/03/2010,0.489
16/03/2010,0.487
17/03/2010,0.462
18/03/2010,0.7
19/03/2010,2.01
20/03/2010,1.26
21/03/2010,1.31
22/03/2010,1.61
23/03/2010,2.09
24/03/2010,1.77
25/03/2010,3.18
26/03/2010,2.13
27/03/2010,1.85
28/03/2010,1.7
29/03/2010,4.15
30/03/2010,3.48
31/03/2010,3.01
01/04/2010,2.56
02/04/2010,4.05
03/04/2010,2.77
04/04/2010,3.31
05/04/2010,2.62
06/04/2010,3.29
07/04/2010,2.6
08/04/2010,2.33
09/04/2010,2.13
10/04/2010,1.95
11/04/2010,1.79
12/04/2010,1.65
13/04/2010,1.52
14/04/2010,1.41
15/04/2010,1.31
16/04/2010,1.22
17/04/2010,1.13
18/04/2010,1.05
19/04/2010,0.98
20/04/2010,0.918
21/04/2010,0.861
22/04/2010,0.809
23/04/2010,0.762
24/04/2010,0.735
25/04/2010,0.675
26/04/2010,0.63
27/04/2010,0.595
28/04/2010,0.54
29/04/2010,0.506
30/04/2010,0.513
01/05/2010,0.527
02/05/2010,0.519
03/05/2010,0.49
04/05/2010,0.458
05/05/2010,0.513
06/05/2010,0.476
07/05/2010,0.441
08/05/2010,0.415
09/05/2010,0.392
10/05/2010,0.371
11/05/2010,0.349
12/05/2010,0.351
13/05/2010,0.907
14/05/2010,0.73
15/05/2010,0.718
16/05/2010,0.658
17/05/2010,0.606
18/05/2010,0.561
19/05/2010,0.526
20/05/2010,0.489
21/05/2010,0.451
22/05/2010,0.418
23/05/2010,0.386
24/05/2010,0.361
25/05/2010,0.338
26/05/2010,0.31
27/05/2010,0.285
28/05/2010,0.394
29/05/2010,0.46
30/05/2010,0.395
31/05/2010,0.664
01/06/2010,0.52
02/06/2010,0.46
03/06/2010,0.416
04/06/2010,0.382
05/06/2010,0.352
06/06/2010,0.326
07/06/2010,0.681
08/06/2010,0.55
09/06/2010,0.536
10/06/2010,0.483
11/06/2010,0.44
12/06/2010,0.396
13/06/2010,0.653
14/06/2010,0.505
15/06/2010,0.44
16/06/2010,0.392
17/06/2010,0.355
18/06/2010,0.326
19/06/2010,0.298
20/06/2010,0.269
21/06/2010,0.246
22/06/2010,0.225
23/06/2010,0.205
24/06/2010,0.187
25/06/2010,0.168
26/06/2010,0.154
27/06/2010,0.14
28/06/2010,1.41
29/06/2010,0.659
30/06/2010,0.468
01/07/2010,2.28
02/07/2010,1.46
03/07/2010,1.17
04/07/2010,1.09
05/07/2010,0.937
06/07/2010,1.2
07/07/2010,0.994
08/07/2010,1.22
09/07/2010,2.04
10/07/2010,2.04
11/07/2010,1.67
12/07/2010,1.46
13/07/2010,1.71
14/07/2010,2.92
15/07/2010,2.98
16/07/2010,2.38
17/07/2010,3.97
18/07/2010,5.21
19/07/2010,10.4
20/07/2010,4.99
21/07/2010,4.03
22/07/2010,3.65
23/07/2010,3.28
24/07/2010,3.29
25/07/2010,3.04
26/07/2010,2.83
27/07/2010,2.54
28/07/2010,2.3
29/07/2010,2.08
30/07/2010,3.86
31/07/2010,2.7
01/08/2010,2.33
02/08/2010,2.1
03/08/2010,2.63
04/08/2010,2.1
05/08/2010,2.34
06/08/2010,2.2
07/08/2010,1.96
08/08/2010,2.04
09/08/2010,1.83
10/08/2010,1.67
11/08/2010,1.54
12/08/2010,1.42
13/08/2010,1.31
14/08/2010,1.21
15/08/2010,1.12
16/08/2010,1.23
17/08/2010,1.09
18/08/2010,0.965
19/08/2010,5.52
20/08/2010,2.62
21/08/2010,2.09
22/08/2010,1.88
23/08/2010,1.73
24/08/2010,1.61
25/08/2010,1.48
26/08/2010,1.36
27/08/2010,1.25
28/08/2010,1.15
29/08/2010,1.06
30/08/2010,0.979
31/08/2010,0.909
01/09/2010,0.829
02/09/2010,0.766
03/09/2010,0.713
04/09/2010,0.667
05/09/2010,0.621
06/09/2010,1.85
07/09/2010,1.45
08/09/2010,1.12
09/09/2010,1.94
10/09/2010,2.05
11/09/2010,1.68
12/09/2010,1.8
13/09/2010,3.07
14/09/2010,2.33
15/09/2010,2.08
16/09/2010,1.9
17/09/2010,1.74
18/09/2010,5.19
19/09/2010,3.31
20/09/2010,2.69
21/09/2010,2.39
22/09/2010,3.7
23/09/2010,3.28
24/09/2010,2.74
25/09/2010,2.44
26/09/2010,2.22
27/09/2010,2.02
28/09/2010,4.11
29/09/2010,2.62
30/09/2010,3.45
01/10/2010,2.8
02/10/2010,4.34
03/10/2010,3.04
04/10/2010,4.28
05/10/2010,5.35
06/10/2010,3.49
07/10/2010,3.03
08/10/2010,2.74
09/10/2010,2.49
10/10/2010,2.27
11/10/2010,2.07
12/10/2010,1.89
13/10/2010,1.74
14/10/2010,1.6
15/10/2010,1.51
16/10/2010,1.37
17/10/2010,1.3
18/10/2010,1.36
19/10/2010,1.49
20/10/2010,1.36
21/10/2010,1.24
22/10/2010,3.09
23/10/2010,2.04
24/10/2010,1.74
25/10/2010,3.92
26/10/2010,4.19
27/10/2010,2.96
28/10/2010,4.46
29/10/2010,3.43
30/10/2010,4.62
31/10/2010,3.22
01/11/2010,4.62
02/11/2010,5.16
03/11/2010,4.3
04/11/2010,3.74
05/11/2010,3.7
06/11/2010,4.37
07/11/2010,7.81
08/11/2010,4.32
09/11/2010,3.64
10/11/2010,8.58
11/11/2010,4.37
12/11/2010,3.69
13/11/2010,4.4
14/11/2010,3.49
15/11/2010,3.57
16/11/2010,4.26
17/11/2010,3.67
18/11/2010,3.89
19/11/2010,3.14
20/11/2010,2.85
21/11/2010,2.61
22/11/2010,2.41
23/11/2010,2.28
24/11/2010,2.13
25/11/2010,2.04
26/11/2010,1.89
27/11/2010,1.75
28/11/2010,1.62
29/11/2010,1.5
30/11/2010,1.41
01/12/2010,1.31
02/12/2010,1.22
03/12/2010,1.15
04/12/2010,2.38
05/12/2010,1.47
06/12/2010,1.29
07/12/2010,1.2
08/12/2010,1.12
09/12/2010,1.16
10/12/2010,1.21
11/12/2010,1.3
12/12/2010,1.26
13/12/2010,1.18
14/12/2010,1.1
15/12/2010,1.05
16/12/2010,1.93
17/12/2010,1.46
18/12/2010,1.29
19/12/2010,1.17
20/12/2010,1.08
21/12/2010,1
22/12/2010,0.934
23/12/2010,0.873
24/12/2010,0.819
25/12/2010,0.761
26/12/2010,0.717
27/12/2010,3.47
28/12/2010,1.88
29/12/2010,1.52
30/12/2010,1.44
31/12/2010,1.8
